DELIVERY_DATE,HOUR_ENDING,ACTUAL_SYSTEM_WIDE,COP_HSL_SYSTEM_WIDE,STWPF_SYSTEM_WIDE,WGRPP_SYSTEM_WIDE,ACTUAL_LZ_SOUTH_HOUSTON,COP_HSL_LZ_SOUTH_HOUSTON,STWPF_LZ_SOUTH_HOUSTON,WGRPP_LZ_SOUTH_HOUSTON,ACTUAL_LZ_WEST,COP_HSL_LZ_WEST,STWPF_LZ_WEST,WGRPP_LZ_WEST,ACTUAL_LZ_NORTH,COP_HSL_LZ_NORTH,STWPF_LZ_NORTH,WGRPP_LZ_NORTH,DSTFlag
7/23/2019,1,6319.16,7228.3,6452.8,3935.8,1322.04,1279.7,1331.8,789.1,4326.73,5325,4455,2729.5,670.39,623.6,666,417.2,N
7/23/2019,2,6044.68,6823.7,6115.7,3620.5,1170.04,1081.2,1196.2,657.2,4217.32,5085.9,4253.8,2537.9,657.32,656.6,665.7,425.4,N
7/23/2019,3,5523.21,6185.9,5545.3,3260.7,1000.88,1064.9,1002.4,529.8,3915.38,4427.3,3924.5,2323.8,606.95,693.7,618.4,407.1,N
7/23/2019,4,5213.85,5730.2,5251.1,3146.6,721.24,922.2,780.4,401.6,3945.62,4161.1,3921.4,2373.4,546.99,646.9,549.3,371.6,N
7/23/2019,5,4720.6,4987.5,4817.5,2941.5,542.78,733.9,548.5,287.7,3614.28,3651,3716.5,2289.6,563.54,602.6,552.5,364.2,N
7/23/2019,6,3755.29,4653.1,3822.5,2210.9,392.78,497.6,417,213.7,2796.34,3612.1,2828.8,1643.6,566.17,543.4,576.7,353.6,N
7/23/2019,7,3354.31,4248,3369.3,1967.8,251.27,370.5,244.6,134.4,2565.64,3338.3,2595.2,1476.9,537.4,539.2,529.5,356.5,N
7/23/2019,8,3125.43,3408.1,3177.2,1902.7,217.72,292.7,222.1,132.7,2378.81,2587.5,2412.1,1409.3,528.9,527.9,543,360.7,N
7/23/2019,9,2634.25,3226.6,2594.2,1418.8,244.16,259.2,253.2,145.9,2010.83,2500,1937.6,1051.2,379.26,467.4,403.4,221.7,N
7/23/2019,10,3178.11,3461.5,3186.5,1877.6,307.64,333.5,308.1,193.8,2525.49,2657.1,2541.6,1475.9,344.98,470.9,336.8,207.9,N
7/23/2019,11,3312.88,3331.9,3341.8,1958.3,379.62,407.7,360.8,216,2556.2,2550.3,2603.3,1514.9,377.06,373.9,377.7,227.4,N
7/23/2019,12,3577.92,3822.4,3550.9,2141.9,559.04,462.6,505.9,286.2,2669.6,3009.4,2689.2,1623.2,349.28,350.4,355.8,232.5,N
7/23/2019,13,3829.51,3958.8,3842.5,2398.2,657.1,527.2,647.1,404.2,2773.25,3054.2,2795.8,1751.2,399.16,377.4,399.6,242.8,N
7/23/2019,14,4356.21,4401.9,4239.3,2559.2,994.41,688.3,882.7,532.2,2959.5,3350.5,2954.7,1793.3,402.3,363.1,401.9,233.7,N
7/23/2019,15,4811.91,4871.5,4691.1,2829.7,1139.38,915.8,1083.4,657.5,3262.75,3534,3209,1944.2,409.78,421.7,398.7,228,N
7/23/2019,16,5641.5,5282.5,5469.1,3352.3,1439.67,1208.7,1354,852.9,3782.16,3663.2,3696.3,2247.7,419.67,410.6,418.8,251.7,N
7/23/2019,17,6284.68,5675.9,6190.5,3903.9,1657.23,1446.9,1659.3,1088.1,4223.58,3802.3,4118.4,2562.6,403.87,426.7,412.8,253.2,N
7/23/2019,18,5833.79,5786,5804,3616.8,1160.8,1376.5,1211.8,787.7,4273.07,3980.1,4183.6,2578.1,399.92,429.4,408.6,251,N
7/23/2019,19,5356.92,6129.8,5392.2,3411.1,892.9,1578.2,940.2,603.8,4067.16,4138.4,4038.4,2551.8,396.86,413.2,413.6,255.5,N
7/23/2019,20,4907.19,5441.6,5096.6,3273.5,831.5,943.4,909.6,598,3757.12,4089.3,3854.8,2460,318.57,408.9,332.2,215.5,N
7/23/2019,21,4018.41,5191.3,4192.9,2552.3,612.97,620.6,690.6,399.6,3200.22,4171.6,3295.4,2008.2,205.22,399.1,206.9,144.5,N
7/23/2019,22,3934.19,5194.5,3914.3,2269.8,325.56,668.3,355.4,186.5,3390.61,4219.8,3342.6,1942.7,218.02,306.4,216.3,140.6,N
7/23/2019,23,4466.48,4625.1,4421.9,2632.6,282.01,503.5,291.2,169.8,3971.06,3897.3,3909.1,2317.2,213.41,224.3,221.6,145.6,N
7/23/2019,24,4918.69,4392.7,4880.5,2863.7,252.33,257.4,251.8,148.4,4458.96,3892.7,4419.6,2585,207.4,242.6,209.1,130.3,N
7/24/2019,1,4938.6,4510.1,4975.6,2988.9,227.05,245.6,233.7,140.6,4492.85,4045.1,4525.2,2717,218.7,219.4,216.7,131.3,N
7/24/2019,2,4566.05,4933.7,4548.9,2857.1,184.16,297.2,198,124.4,4143.87,4411.3,4117.3,2588.5,238.02,225.2,233.6,144.2,N
7/24/2019,3,4238.91,4377.5,4258.2,2657.5,179.3,291.8,196.8,115.5,3837.87,3882.3,3834.6,2403.6,221.74,203.4,226.8,138.4,N
7/24/2019,4,3759.68,3490.4,3708.1,2279.8,226.44,318.1,211.9,119.8,3358.92,2978.2,3316.6,2042.2,174.32,194.1,179.6,117.8,N
7/24/2019,5,3279.55,3268.4,3360.3,2024.5,444.86,376.7,372,189,2715.44,2702,2850.2,1734.9,119.25,189.7,138.1,100.6,N
7/24/2019,6,2901.24,2825.1,2705,1552.9,704.14,411.4,560.5,281,2090.96,2271.2,2050.9,1205.7,106.14,142.5,93.6,66.2,N
7/24/2019,7,2852.05,2636.1,2712.8,1578.9,963,563.9,918.8,479.1,1795.03,1971.1,1694,1036.5,94.02,101.1,100,63.3,N
7/24/2019,8,2563.56,2222.1,2590.2,1501.9,1005.69,728.8,1032.1,556.6,1477.47,1422.1,1477.5,894.4,80.4,71.2,80.6,50.9,N
7/24/2019,9,1756.68,2011.4,2107,1194.6,699.9,877.6,843.7,456.9,1004.84,1072.4,1209,706.8,51.94,61.4,54.3,30.9,N
7/24/2019,10,1975.31,1943.2,1716,939.4,857.56,977.4,760.5,417.4,1076.2,940.7,917.9,502.6,41.55,25.1,37.6,19.4,N
7/24/2019,11,2107.32,1974.7,2262,1304.7,1183.11,1018.6,1214.1,727.6,885.39,931.4,1003.2,550.6,38.82,24.7,44.7,26.5,N
7/24/2019,12,1893.27,1865.8,1973.6,1146.3,1212.54,1062.2,1259.3,768.9,653.62,767.5,683.7,354.5,27.11,36.1,30.6,22.9,N
7/24/2019,13,1717.19,2169.1,1741.4,990.2,1222.19,1363.5,1195.9,719.2,473.46,766.3,529.5,257.4,21.54,39.3,16,13.6,N
7/24/2019,14,1777.73,2136.1,1805.8,1004.1,1354.48,1542.9,1353.6,794.6,396.19,565,427.8,196.2,27.06,28.2,24.4,13.3,N
7/24/2019,15,2276.78,2055,2139.9,1254,1734.93,1451.1,1633.5,1013.1,513.19,577.7,473.9,225,28.66,26.2,32.5,15.9,N
7/24/2019,16,2396.39,2147.3,2508.6,1474.2,1722.61,1473.1,1841.9,1139.3,639.81,629.2,631.9,310.5,33.97,45,34.8,24.4,N
7/24/2019,17,2189.89,2452.8,2383.2,1359.2,1408.51,1641.2,1520,928.5,734.37,761.6,816.5,402.5,47.01,50,46.7,28.2,N
7/24/2019,18,2214.99,2756.2,2348.5,1326.8,1288.85,1669,1317.6,812.9,885.94,1034.6,983.7,484.8,40.2,52.6,47.2,29.1,N
7/24/2019,19,2563.37,2920.5,2489,1372,1402.13,1504.4,1288.9,749.6,1120.41,1340.9,1148.5,592,40.83,75.2,51.6,30.4,N
7/24/2019,20,3039.96,3242.1,3254.5,1836.3,1320.91,1361.4,1477.7,819.8,1661.85,1770.5,1688.3,964.4,57.2,110.2,88.5,52.1,N
7/24/2019,21,4108.87,4219.4,4044,2480.3,1313.63,1413.7,1271.7,727.7,2672.84,2597.5,2643.3,1663.8,122.4,208.2,129,88.8,N
7/24/2019,22,6245.37,5788.6,5798.5,3681.9,1642.62,1591.9,1591.8,999.7,4364.26,3910.5,3985.1,2543.1,238.49,286.2,221.6,139.1,N
7/24/2019,23,8070.44,6437.4,7528.3,5170.6,1781.62,1314.2,1618.9,1043.5,6011.18,4829.4,5634,3936.4,277.64,293.8,275.4,190.7,N
7/24/2019,24,9257.39,7351.4,9058.2,6460.9,1479.49,1280,1567.9,1026.5,7467.84,5747.8,7197.3,5236.3,310.06,323.6,293,198.1,N
7/25/2019,1,,8173.6,9817.4,7157.7,,1061.5,1154,736.6,,6793.2,8282.6,6168.4,,318.9,380.8,252.7,N
7/25/2019,2,,9415.2,9946.3,7199.5,,974.5,929.2,565.8,,8103.9,8625.4,6375.1,,336.8,391.7,258.6,N
7/25/2019,3,,9473.1,9665.7,6803,,741.6,741.6,434.7,,8346.3,8538.9,6119.4,,385.2,385.2,248.9,N
7/25/2019,4,,9033.9,9204.7,6325.9,,624.6,624.6,356.5,,8044.2,8215,5735.2,,365.1,365.1,234.2,N
7/25/2019,5,,8612.7,8754.7,5916,,642.5,643,368.5,,7652,7793.5,5345.1,,318.2,318.2,202.4,N
7/25/2019,6,,8190.8,8313.1,5532.4,,747.6,750.7,441.7,,7188.4,7307.6,4927.9,,254.8,254.8,162.8,N
7/25/2019,7,,7660.5,7792.5,5057.1,,838.2,843.7,505.2,,6615.5,6742,4424.3,,206.8,206.8,127.6,N
7/25/2019,8,,6896.9,6967.4,4354.6,,822.7,829.1,488.7,,5898.3,5962.4,3761.9,,175.9,175.9,104,N
7/25/2019,9,,5667.3,5747.2,3448.7,,680.3,685.4,380.2,,4865.2,4940,3001.6,,121.8,121.8,66.9,N
7/25/2019,10,,4732.5,4805.2,2839.5,,579.5,583.9,316.3,,4075.9,4144.2,2481.7,,77.1,77.1,41.5,N
7/25/2019,11,,4375,4435.3,2592.3,,649.9,655.5,357.5,,3652.5,3707.2,2195,,72.6,72.6,39.8,N
7/25/2019,12,,3715.9,3760,2095.4,,703,707.7,386.9,,2952.4,2991.8,1677,,60.5,60.5,31.5,N
7/25/2019,13,,3042.1,3071,1630.6,,679.5,683.2,364.9,,2311.1,2336.3,1240.4,,51.5,51.5,25.3,N
7/25/2019,14,,2769.2,2795,1477.9,,712.9,716.5,384,,2006.9,2029.1,1070,,49.4,49.4,23.9,N
7/25/2019,15,,2969,2995.9,1616.6,,837.7,841.6,468.1,,2074.9,2097.9,1120.7,,56.4,56.4,27.8,N
7/25/2019,16,,3352.6,3383.8,1879.5,,977.8,983.3,565.1,,2303.4,2329.1,1277.4,,71.4,71.4,37,N
7/25/2019,17,,3916.5,3952.6,2260.5,,1098.9,1105.6,645.2,,2720.3,2749.7,1562.9,,97.3,97.3,52.4,N
7/25/2019,18,,4647.5,4693.2,2733.7,,1232.3,1240.1,722.1,,3288.1,3326,1941.3,,127.1,127.1,70.3,N
7/25/2019,19,,5385.9,5441.9,3264.6,,1353.5,1363.8,809.6,,3879.9,3925.6,2366.7,,152.5,152.5,88.3,N
7/25/2019,20,,6060.2,6122.4,3751.3,,1389.5,1400.5,835,,4495.4,4546.6,2813,,175.3,175.3,103.3,N
7/25/2019,21,,7068.3,7148.3,4499.4,,1458.6,1468.6,863.9,,5379,5449,3494.9,,230.7,230.7,140.6,N
7/25/2019,22,,8328.7,8443.1,5564.2,,1556.9,1566.1,940.7,,6475.6,6580.8,4436.5,,296.2,296.2,187,N
7/25/2019,23,,9410.7,9550.5,6446.9,,1562.1,1570.3,948,,7493.6,7625.2,5277.7,,355,355,221.2,N
7/25/2019,24,,9955.8,10102.9,6865.3,,1405,1410.6,845.8,,8142.1,8283.6,5768.3,,408.7,408.7,251.2,N
7/26/2019,1,,10225.4,10348,7070.5,,1204,1206.5,716.4,,8575.8,8695.9,6079.8,,445.6,445.6,274.3,N
7/26/2019,2,,10127.4,10236.3,6956.6,,1074.3,1076,630.7,,8605.4,8712.6,6050.4,,447.7,447.7,275.5,N
7/26/2019,3,,9523,9627.1,6380.9,,930.6,931.7,528.4,,8176.3,8279.3,5598.5,,416.1,416.1,254,N
7/26/2019,4,,8904.3,8981.7,5783.7,,808.5,809.6,449.3,,7718.9,7795.2,5104.8,,376.9,376.9,229.6,N
7/26/2019,5,,8309.2,8385.7,5260,,753.3,756.2,408.3,,7215.7,7289.3,4648.2,,340.2,340.2,203.5,N
7/26/2019,6,,7715.9,7796.2,4765,,769.6,769.6,404.7,,6639.6,6719.9,4177.2,,306.7,306.7,183.1,N
7/26/2019,7,,7086.6,7169.2,4247.1,,768.3,768.3,397.3,,6040.7,6123.3,3685,,277.6,277.6,164.8,N
7/26/2019,8,,6173.8,6263.3,3506.6,,657.8,663.3,328.7,,5287.9,5371.9,3049.8,,228.1,228.1,128.1,N
7/26/2019,9,,5015.6,5096.2,2669.3,,536.2,539.7,258.1,,4319.4,4396.5,2329.2,,160,160,82,N
7/26/2019,10,,4180,4235.4,2162.6,,458,460.8,218.1,,3616.1,3668.7,1893.2,,105.9,105.9,51.3,N
7/26/2019,11,,3992.4,4043.1,2166.3,,477.6,482,232.8,,3419.2,3465.5,1883.7,,95.6,95.6,49.8,N
7/26/2019,12,,3561.6,3607.4,1934.2,,498.7,498.7,244.2,,2984.4,3030.2,1648.9,,78.5,78.5,41.1,N
7/26/2019,13,,2958.7,2996.7,1525.2,,492.9,499,240.2,,2404.3,2436.2,1253.9,,61.5,61.5,31.1,N
7/26/2019,14,,2723.2,2758.6,1348.5,,535.7,541.1,257.3,,2131.9,2161.9,1063.4,,55.6,55.6,27.8,N
7/26/2019,15,,2922.9,2968.6,1445.2,,639.7,645.2,312.9,,2219.4,2259.6,1100.4,,63.8,63.8,31.9,N
7/26/2019,16,,3309.3,3363.1,1677.5,,766.8,772.6,389,,2466,2514,1249.5,,76.5,76.5,39,N
7/26/2019,17,,3809.7,3871.2,1956.5,,911.1,917.3,466.9,,2795.5,2850.8,1437.5,,103.1,103.1,52.1,N
7/26/2019,18,,4408.7,4473.4,2279.3,,1050.7,1058.2,543,,3211.9,3269.1,1659.4,,146.1,146.1,76.9,N
7/26/2019,19,,5045,5124.8,2686.9,,1127,1133.7,589.3,,3722.3,3795.4,1992.1,,195.7,195.7,105.5,N
7/26/2019,20,,5881.9,5971.7,3358.1,,1266.1,1271.4,699.5,,4356,4440.5,2503.3,,259.8,259.8,155.3,N
7/26/2019,21,,6858.8,6961.7,4078.5,,1439.7,1444.1,824.9,,5067.2,5165.7,3039.4,,351.9,351.9,214.2,N
7/26/2019,22,,7969.9,8089.1,4907,,1565.9,1569,922.4,,5964.3,6080.4,3713.3,,439.7,439.7,271.3,N
7/26/2019,23,,8991.6,9100.6,5639.8,,1553.1,1554.6,917.4,,6945.9,7053.4,4420.3,,492.6,492.6,302.1,N
7/26/2019,24,,9594.2,9680,6038.8,,1405.1,1405.6,810.5,,7668,7753.3,4911.8,,521.1,521.1,316.5,N
7/27/2019,1,,9616.7,9810.6,6057.7,,1268.8,1269.5,708.1,,7855.2,8048.4,5063.8,,492.7,492.7,285.8,N
7/27/2019,2,,9286.3,9475.8,5788.3,,1169.3,1170.6,633.3,,7685.4,7873.6,4905,,431.6,431.6,250,N
7/27/2019,3,,8824.5,8999,5358.3,,993.5,994.6,515.5,,7436.7,7610.1,4616.5,,394.3,394.3,226.3,N
7/27/2019,4,,8337.2,8489.7,4970.6,,789.2,790,397.6,,7176.1,7327.8,4360.5,,371.9,371.9,212.5,N
7/27/2019,5,,7641.6,7782,4456.8,,636.9,637.5,315.6,,6674.1,6813.9,3954.3,,330.6,330.6,186.9,N
7/27/2019,6,,6835.4,6963.7,3881.5,,570.2,573.2,279.7,,6002.6,6127.9,3457.3,,262.6,262.6,144.5,N
7/27/2019,7,,6014.5,6134.7,3320.8,,511.8,515.8,250.3,,5299.1,5415.3,2962.5,,203.6,203.6,108,N
7/27/2019,8,,5067.1,5177.8,2627.3,,428.6,428.6,202.3,,4490.8,4601.5,2354,,147.7,147.7,71,N
7/27/2019,9,,4631.4,4753.9,2282.7,,394.8,394.8,180,,4113.2,4235.7,2046.8,,123.4,123.4,55.9,N
7/27/2019,10,,4284.3,4398.8,2073.9,,382.6,382.6,170.8,,3789.4,3903.9,1852.9,,112.3,112.3,50.2,N
7/27/2019,11,,3978.8,4072,2019.1,,388.5,388.5,175.4,,3479.8,3573,1789,,110.5,110.5,54.7,N
7/27/2019,12,,3573.1,3648.4,1814,,416.6,416.6,185.5,,3047.9,3123.2,1573.8,,108.6,108.6,54.7,N
7/27/2019,13,,3226.4,3290.6,1290.1,,509.3,509.3,206.6,,2609.3,2673.5,1045.9,,107.8,107.8,37.6,N
7/27/2019,14,,3702.2,3782.1,1510.5,,789,795.2,337,,2774.6,2848.3,1124.2,,138.6,138.6,49.3,N
7/27/2019,15,,4347.9,4444.1,1812.3,,1038.8,1046.3,456.7,,3137.4,3226.1,1294.2,,171.7,171.7,61.4,N
7/27/2019,16,,4992.5,5101.5,2129.3,,1251.1,1259.5,563.6,,3529.2,3629.8,1487.4,,212.2,212.2,78.3,N
7/27/2019,17,,5673.9,5797.6,2499,,1492.4,1503.3,693.7,,3925.1,4037.9,1706.2,,256.4,256.4,99.1,N
7/27/2019,18,,6468.7,6602.2,2958.9,,1770.4,1784.4,875.8,,4398.7,4518.2,1963.4,,299.6,299.6,119.7,N
7/27/2019,19,,7299.7,7453.8,3440.4,,2046.7,2061.6,1053.5,,4915.4,5054.6,2250.3,,337.6,337.6,136.6,N
7/27/2019,20,,8048.5,8208.2,3917.9,,2323.4,2343.8,1246.7,,5357.2,5496.5,2516.8,,367.9,367.9,154.4,N
7/27/2019,21,,8625.2,8769.7,4244,,2574.4,2589.4,1426.8,,5640.3,5769.8,2647.6,,410.5,410.5,169.6,N
7/27/2019,22,,9249.6,9394.1,4641.4,,2742.3,2757.2,1569.5,,6063.5,6193.1,2890.1,,443.8,443.8,181.8,N
7/27/2019,23,,9971.2,10140.6,5100.7,,2790,2804.2,1606.8,,6735.3,6890.5,3310.4,,445.9,445.9,183.5,N
7/27/2019,24,,10501.3,10696.2,5454.7,,2724.6,2738.2,1548.9,,7342.4,7523.7,3728.2,,434.3,434.3,177.6,N
7/28/2019,1,,10511.6,11011.5,5648.1,,2393.5,2632.8,1465.7,,7679.2,7939.8,4002.8,,438.9,438.9,179.6,N
7/28/2019,2,,10724.6,11221.5,5790,,2318.4,2544.6,1396.7,,7951.3,8222,4205,,454.9,454.9,188.3,N
7/28/2019,3,,10312.4,10795.9,5480.8,,2125.9,2332.2,1252.4,,7754.1,8031.3,4049.7,,432.4,432.4,178.7,N
7/28/2019,4,,9873.9,10312.5,5128.7,,1928.6,2107.7,1102.6,,7532.6,7792.1,3855.7,,412.7,412.7,170.4,N
7/28/2019,5,,9388.9,9795.7,4771.7,,1772.2,1928.6,994.5,,7237.5,7487.9,3619.2,,379.2,379.2,158,N
7/28/2019,6,,8905.2,9287.5,4412.4,,1685.3,1832.2,931.3,,6883.9,7119.3,3342.9,,336,336,138.2,N
7/28/2019,7,,8515.9,8877.3,4102.9,,1631.1,1763.1,880.9,,6583.4,6812.8,3104.7,,301.4,301.4,117.3,N
7/28/2019,8,,8098.7,8439.5,3839.3,,1607.1,1723.3,845.9,,6227.4,6452,2894.4,,264.2,264.2,99,N
7/28/2019,9,,8468.4,8857.7,4068.2,,1826.5,1955.1,973.1,,6375.2,6635.9,2997,,266.7,266.7,98.1,N
7/28/2019,10,,8650.1,9106,4227.9,,1972.6,2149,1086,,6412.1,6691.6,3046.6,,265.4,265.4,95.3,N
7/28/2019,11,,8779.5,9253.3,4319.3,,2135.6,2321.7,1196.1,,6378,6665.7,3029.2,,265.9,265.9,94,N
7/28/2019,12,,8869.9,9394.8,4362.7,,2273.7,2501.2,1308.5,,6326.2,6623.6,2958.9,,270,270,95.3,N
7/28/2019,13,,9050.4,9591.9,4463.6,,2442.9,2689,1436.5,,6332.4,6627.8,2927.1,,275.1,275.1,100,N
7/28/2019,14,,9187,9754.7,4550.5,,2622.4,2885.9,1581.5,,6270.4,6574.6,2860.6,,294.2,294.2,108.4,N
7/28/2019,15,,9192.3,9766.9,4554.4,,2784.7,3060.3,1704.6,,6097,6396,2736.5,,310.6,310.6,113.3,N
7/28/2019,16,,9168.5,9756.3,4556.4,,2925,3224.8,1826.9,,5914.5,6202.5,2609.6,,329,329,119.9,N
7/28/2019,17,,9141.6,9735.5,4542.9,,3066.3,3388.6,1948.4,,5726.3,5997.9,2465.8,,349,349,128.7,N
7/28/2019,18,,9128.9,9716.9,4538.3,,3210.9,3549.2,2071.3,,5553.4,5803.1,2333,,364.6,364.6,134,N
7/28/2019,19,,9181.1,9785.3,4604.3,,3363.7,3720,2207.1,,5438,5685.9,2262.9,,379.4,379.4,134.3,N
7/28/2019,20,,9566,10192.8,4888.2,,3468.8,3842.2,2322.1,,5689.8,5943.2,2421.9,,407.4,407.4,144.2,N
7/28/2019,21,,9544.6,10155.1,4854,,3384.2,3745.5,2251.1,,5728.6,5977.8,2441.1,,431.8,431.8,161.8,N
7/28/2019,22,,9583.2,10181.6,4865.5,,3324.3,3673.5,2199.7,,5795.6,6044.8,2489.7,,463.3,463.3,176.1,N
7/28/2019,23,,9963.6,10562.8,5051.2,,3251.2,3590.9,2140.2,,6194.3,6453.8,2708.2,,518.1,518.1,202.8,N
7/28/2019,24,,10402.7,10993.2,5234.3,,3156.2,3486.1,2061.8,,6657.6,6918.2,2941.1,,588.9,588.9,231.4,N
7/29/2019,1,,10605.6,11425.9,5465.3,,3163.2,3384.2,1983.6,,6784.6,7383.9,3208.7,,657.8,657.8,273,N
7/29/2019,2,,10841.4,11705.6,5621.4,,3009,3191.5,1823.6,,7128.9,7810.6,3487.1,,703.5,703.5,310.7,N
7/29/2019,3,,10380.2,11245.2,5308.3,,2834.8,2992,1657.1,,6869.4,7577.2,3351.5,,676,676,299.7,N
7/29/2019,4,,9744.6,10513.9,4822.2,,2645,2777.6,1495.2,,6481.3,7118,3068.1,,618.3,618.3,258.9,N
7/29/2019,5,,9028.4,9712.4,4312.1,,2440.7,2556.6,1334.1,,6035.9,6604,2765.4,,551.8,551.8,212.6,N
7/29/2019,6,,8347.4,8973.6,3899.2,,2281.5,2388.4,1217,,5575,6094.3,2494.6,,490.9,490.9,187.6,N
7/29/2019,7,,7642.5,8148.8,3490.3,,2149.3,2215.1,1111.4,,5064.2,5504.7,2211,,429,429,167.9,N
7/29/2019,8,,6613.3,7052.7,2920.8,,1956.1,2021.7,985.6,,4294.1,4667.9,1793.7,,363.1,363.1,141.5,N
7/29/2019,9,,6156.5,6612.4,2686.3,,1998.5,2112.9,1022.6,,3827.6,4169.1,1543.3,,330.4,330.4,120.4,N
7/29/2019,10,,5604,6005.7,2436,,2036.1,2163.9,1046,,3281.9,3555.8,1289.3,,286,286,100.7,N
7/29/2019,11,,4936.1,5272,2130.9,,2051.8,2189.5,1055.1,,2644.9,2843.1,993.5,,239.4,239.4,82.3,N
7/29/2019,12,,4296.4,4565.1,1858.6,,2086.5,2230.4,1083.4,,2012.8,2137.6,709,,197.1,197.1,66.2,N
7/29/2019,13,,3773.7,3937.9,1625.1,,2124.3,2275.9,1108.1,,1488.4,1501,466.9,,161,161,50.1,N
7/29/2019,14,,3610.9,3786.9,1582.5,,2209.5,2380.3,1159.4,,1251.8,1257,378.1,,149.6,149.6,45,N
7/29/2019,15,,3723.4,3931.3,1674.5,,2371.5,2569.8,1265.5,,1202.7,1212.3,363.9,,149.2,149.2,45.1,N
7/29/2019,16,,3843.6,4071,1774.2,,2541.4,2758.3,1382.1,,1154.1,1164.6,347.1,,148.1,148.1,45,N
7/29/2019,17,,4026.2,4270.2,1899.5,,2726.2,2956.2,1502.4,,1151.3,1165.3,351.2,,148.7,148.7,45.9,N
7/29/2019,18,,4296.9,4554.7,2092.5,,2931.9,3178.5,1670.1,,1213.5,1224.7,374.7,,151.5,151.5,47.7,N
7/29/2019,19,,4553.4,4843.8,2324.2,,3158.6,3429.7,1884,,1243.3,1262.6,391.8,,151.5,151.5,48.4,N
7/29/2019,20,,4679.8,4980,2459.9,,3284.8,3570,2025.7,,1246.8,1261.8,387.2,,148.2,148.2,47,N
7/29/2019,21,,4953.5,5249.6,2457.5,,3152.8,3420,1895.2,,1600.6,1629.5,496.9,,200.1,200.1,65.4,N
7/29/2019,22,,5263.8,5548.1,2473.1,,3003.8,3242.2,1762.4,,2004.5,2050.4,626.6,,255.5,255.5,84.1,N
7/29/2019,23,,5472.7,5733.6,2427.2,,2796.2,2999.6,1583.3,,2364.4,2421.9,740.6,,312.1,312.1,103.3,N
7/29/2019,24,,5581.7,5815.8,2321.4,,2532.5,2696,1355.4,,2680,2750.6,843.7,,369.2,369.2,122.3,N
7/30/2019,1,,5717.4,5928.1,2261.5,,2234.8,2362.4,1158.3,,3065.6,3148.7,966,,417,417,137.2,N
7/30/2019,2,,6019.6,6211.3,2335.6,,2076.9,2177.2,1048.7,,3506,3597.4,1141.4,,436.7,436.7,145.5,N
7/30/2019,3,,5790.1,6003.2,2239.4,,1901.9,1979.1,939.8,,3477.2,3613.1,1163.5,,411,411,136.1,N
7/30/2019,4,,5547.9,5758.1,2144.5,,1717.9,1771.2,824.8,,3451.3,3608.2,1190.4,,378.7,378.7,129.3,N
7/30/2019,5,,5213.7,5449.3,2024.5,,1550.8,1590.2,726.2,,3321.7,3517.9,1179.6,,341.2,341.2,118.7,N
7/30/2019,6,,4814.5,5075.3,1880.5,,1414.6,1444.6,649,,3094.5,3325.3,1122.5,,305.4,305.4,109,N
7/30/2019,7,,4424.3,4620.4,1704,,1260.5,1280,564.7,,2897.1,3073.7,1047.1,,266.7,266.7,92.2,N
7/30/2019,8,,3620.4,3811.9,1380.5,,1080.9,1096.8,471,,2337.3,2512.9,841,,202.2,202.2,68.5,N
7/30/2019,9,,3269.5,3392.4,1219.1,,1062.2,1084.8,454.1,,2035.7,2136,708.2,,171.6,171.6,56.8,N
7/30/2019,10,,2945.2,3039.5,1089.2,,1050.3,1087.4,450.6,,1749.4,1806.6,590.7,,145.5,145.5,47.9,N
7/30/2019,11,,2599.9,2659.4,955.3,,1049.7,1084,446.6,,1435.9,1461.1,472,,114.3,114.3,36.7,N
7/30/2019,12,,2195.3,2251.4,815.4,,1044.2,1077.9,443,,1076.9,1099.3,349.5,,74.2,74.2,22.9,N
7/30/2019,13,,1856.7,1895,701.2,,1064.9,1092,447.9,,752.9,764.1,241.5,,38.9,38.9,11.8,N
7/30/2019,14,,2022.6,2077.2,776.2,,1211.1,1253,516.7,,779.4,792.1,249.8,,32.1,32.1,9.7,N
7/30/2019,15,,2494.5,2574,962.7,,1377.1,1435.4,602.1,,1065.2,1086.4,343.9,,52.2,52.2,16.7,N
7/30/2019,16,,2946.5,3042.4,1137.2,,1539.1,1608.7,681.8,,1335.7,1362,432,,71.7,71.7,23.4,N
7/30/2019,17,,3424.7,3533.6,1322.7,,1725.1,1804.8,775.1,,1612.8,1642,519.4,,86.8,86.8,28.2,N
7/30/2019,18,,3925.1,4044.8,1530.2,,1944.4,2040.4,894.1,,1882.3,1906,603.6,,98.4,98.4,32.5,N
7/30/2019,19,,4391.7,4534.9,1742.6,,2163.6,2280,1023.9,,2121.1,2147.9,683.3,,107,107,35.4,N
7/30/2019,20,,4870.7,5035.4,1994.4,,2360.8,2505.1,1180.7,,2374.1,2394.5,770.1,,135.8,135.8,43.6,N
7/30/2019,21,,5485,5648.1,2222.5,,2356.8,2491.7,1194.9,,2919.9,2948.1,961,,208.3,208.3,66.6,N
7/30/2019,22,,6133.2,6290.4,2468.6,,2332.4,2451.5,1195.9,,3508.9,3547,1179.1,,291.9,291.9,93.6,N
7/30/2019,23,,6662.1,6808.9,2642.8,,2251.1,2354.2,1141.5,,4057.7,4101.4,1391.4,,353.3,353.3,109.9,N
7/30/2019,24,,7029.8,7180.8,2761.7,,2114.4,2201,1043.7,,4533.3,4597.7,1596.5,,382.1,382.1,121.5,N
7/31/2019,1,,7515.4,7575.4,2902,,2047.2,2047.2,950.7,,5055.8,5115.8,1818,,412.4,412.4,133.3,N
7/31/2019,2,,7803.1,7871.6,2978.2,,1962.1,1962.1,885.9,,5408,5476.5,1952,,433,433,140.3,N
7/31/2019,3,,7342.6,7409,2727.3,,1746.4,1746.4,759.4,,5195.6,5262,1840,,400.6,400.6,127.9,N
7/31/2019,4,,6851.6,6918.8,2508.1,,1514.1,1514.1,639.7,,4974.2,5041.4,1754.6,,363.3,363.3,113.8,N
7/31/2019,5,,6357.3,6426.9,2300,,1298.4,1298.4,532.3,,4730.2,4799.8,1665.4,,328.7,328.7,102.3,N
7/31/2019,6,,5872,5946.1,2090.8,,1116,1116,437.9,,4459.7,4533.8,1561.7,,296.3,296.3,91.2,N
7/31/2019,7,,5341.6,5419,1866,,926.7,926.7,347.9,,4149.3,4226.7,1437.5,,265.6,265.6,80.6,N
7/31/2019,8,,4472.7,4544.3,1525.5,,773,773,288.9,,3489.2,3560.8,1173.1,,210.5,210.5,63.5,N
7/31/2019,9,,3945.2,4022,1333.6,,784,784,291.7,,2985.8,3062.6,986.7,,175.4,175.4,55.2,N
7/31/2019,10,,3421.2,3518.4,1148.2,,776.8,803.1,296.9,,2501.2,2572.1,810.7,,143.2,143.2,40.6,N
7/31/2019,11,,2958.4,3022.6,981.6,,844,844,311.5,,2005.9,2070.1,640.3,,108.5,108.5,29.8,N
7/31/2019,12,,2517.3,2569.8,840.6,,911.4,911.4,335.8,,1534.4,1586.9,483.9,,71.5,71.5,20.9,N
7/31/2019,13,,2149.8,2198.2,729.5,,998.8,998.8,371.7,,1117.7,1166.1,348.7,,33.3,33.3,9.1,N
7/31/2019,14,,2383,2432.9,819.6,,1197.9,1197.9,453,,1161.3,1211.2,360.6,,23.8,23.8,6,N
7/31/2019,15,,2790.9,2843.5,967.3,,1369,1369,527.1,,1371.4,1424,425.2,,50.5,50.5,15,N
7/31/2019,16,,3179.2,3232.1,1106.8,,1530.1,1530.1,598.5,,1574.8,1627.7,485.9,,74.3,74.3,22.4,N
7/31/2019,17,,3626,3682.6,1258.7,,1678.9,1678.9,661.4,,1847.6,1904.2,567,,99.5,99.5,30.3,N
7/31/2019,18,,4151.1,4203.4,1436.6,,1822.9,1822.9,725.7,,2202.2,2254.5,672.5,,126,126,38.4,N
7/31/2019,19,,4573.6,4630.1,1587.6,,1872.2,1872.2,746.7,,2537.4,2593.9,792,,164,164,48.9,N
7/31/2019,20,,4796.1,4830.8,1654.5,,1584.6,1584.6,624.2,,2962.2,2996.9,955.7,,249.3,249.3,74.6,N
7/31/2019,21,,5268.5,5564.2,1941.2,,1411.8,1561.1,635.6,,3524.1,3670.5,1206.4,,332.6,332.6,99.2,N
7/31/2019,22,,6192,6539.8,2386.5,,1520.6,1681.7,728.6,,4257.6,4444.3,1530.6,,413.8,413.8,127.3,N
7/31/2019,23,,6688.6,7053.7,2628.8,,1520.7,1678.3,737.2,,4694.4,4901.9,1734,,473.5,473.5,157.6,N
7/31/2019,24,,5527.3,7099.5,2608.7,,834.4,1515.8,649.8,,4279.9,5068.1,1783,,413,515.6,175.9,N
