<?xml version="1.0" encoding="UTF-8"?>
<project-private xmlns="http://www.netbeans.org/ns/project-private/1">
    <editor-bookmarks xmlns="http://www.netbeans.org/ns/editor-bookmarks/2" lastBookmarkId="0"/>
    <open-files xmlns="http://www.netbeans.org/ns/projectui-open-files/2">
        <group>
            <file>file:/C:/Users/rohit/Dropbox/AMESVersions/AMES-V5.0/src/amesmarket/ISO.java</file>
            <file>file:/C:/Users/rohit/Dropbox/AMESVersions/AMES-V5.0/src/amesmarket/AMESMarket.java</file>
            <file>file:/C:/Users/rohit/Dropbox/AMESVersions/AMES-V5.0/src/amesmarket/extern/psst/PSSTSCUC.java</file>
            <file>file:/C:/Users/rohit/Dropbox/AMESVersions/AMES-V5.0/src/amesmarket/BUC.java</file>
        </group>
    </open-files>
</project-private>
